ride_id,customer_id,driver_id,pickup_location,drop_location,pickup_time,drop_time,fare,status,vehicle_id
1,78,3,Shivajinagar,Baner,"2024-02-01 00:00:00","2024-02-01 00:20:00",419.52,completed,1
2,9,27,Wakad,Wakad,"2024-02-01 01:00:00","2024-02-01 01:20:00",535.84,completed,2
3,79,40,Hinjewadi,Shivajinagar,"2024-02-01 02:00:00","2024-02-01 02:20:00",121.44,completed,3
4,7,20,Wakad,Shivajinagar,"2024-02-01 03:00:00","2024-02-01 03:20:00",310.31,completed,4
5,66,18,Kothrud,Wakad,"2024-02-01 04:00:00","2024-02-01 04:20:00",311.30,completed,5
6,95,20,Wakad,Kothrud,"2024-02-01 05:00:00","2024-02-01 05:20:00",526.11,completed,6
7,71,30,Kothrud,Wakad,"2024-02-01 06:00:00","2024-02-01 06:20:00",260.78,cancelled,7
8,41,10,Hinjewadi,Wakad,"2024-02-01 07:00:00","2024-02-01 07:20:00",547.96,completed,8
9,75,23,Shivajinagar,Shivajinagar,"2024-02-01 08:00:00","2024-02-01 08:20:00",353.98,completed,9
10,77,47,Hinjewadi,Shivajinagar,"2024-02-01 09:00:00",NULL,203.52,ongoing,10
11,77,3,Baner,Kothrud,"2024-02-01 10:00:00","2024-02-01 10:20:00",218.71,completed,11
12,26,50,Hinjewadi,Hinjewadi,"2024-02-01 11:00:00","2024-02-01 11:20:00",505.36,completed,12
13,8,9,Hinjewadi,Shivajinagar,"2024-02-01 12:00:00","2024-02-01 12:20:00",413.63,completed,13
14,14,49,Baner,Hinjewadi,"2024-02-01 13:00:00","2024-02-01 13:20:00",335.31,cancelled,14
15,45,19,Baner,Shivajinagar,"2026-04-01 12:33:10","2024-02-01 14:20:00",551.78,booked,15
16,2,36,Hinjewadi,Kothrud,"2024-02-01 15:00:00","2024-02-01 15:20:00",162.90,completed,16
17,42,40,Baner,Baner,"2024-02-01 16:00:00","2024-02-01 16:20:00",341.05,completed,17
18,79,27,Hinjewadi,Shivajinagar,"2024-02-01 17:00:00","2024-02-01 17:20:00",421.37,completed,18
19,57,42,Hinjewadi,Wakad,"2024-02-01 18:00:00","2024-02-01 18:20:00",570.79,completed,19
20,88,28,Baner,Kothrud,"2024-02-01 19:00:00",NULL,88.05,ongoing,20
21,64,43,Kothrud,Hinjewadi,"2024-02-01 20:00:00","2024-02-01 20:20:00",224.41,cancelled,21
22,98,8,Baner,Shivajinagar,"2024-02-01 21:00:00","2024-02-01 21:20:00",101.22,completed,22
23,4,42,Shivajinagar,Baner,"2024-02-01 22:00:00","2024-02-01 22:20:00",499.86,completed,23
24,18,48,Kothrud,Baner,"2024-02-01 23:00:00","2024-02-01 23:20:00",492.65,completed,24
25,89,8,Shivajinagar,Baner,"2024-02-02 00:00:00","2024-02-02 00:20:00",347.84,driver_cancelled,25
26,88,18,Baner,Shivajinagar,"2024-02-02 01:00:00","2024-02-02 01:20:00",386.75,completed,26
27,70,21,Baner,Baner,"2024-02-02 02:00:00","2024-02-02 02:20:00",411.11,completed,27
28,98,46,Hinjewadi,Wakad,"2024-02-02 03:00:00","2024-02-02 03:20:00",304.83,cancelled,28
29,51,13,Shivajinagar,Hinjewadi,"2024-02-02 04:00:00","2024-02-02 04:20:00",280.38,completed,29
30,3,27,Baner,Hinjewadi,"2026-04-01 12:33:10",NULL,427.20,ongoing,30
31,19,47,Baner,Wakad,"2024-02-02 06:00:00","2024-02-02 06:20:00",253.58,completed,31
32,47,40,Baner,Hinjewadi,"2024-02-02 07:00:00","2024-02-02 07:20:00",448.05,completed,32
33,46,16,Shivajinagar,Baner,"2024-02-02 08:00:00","2024-02-02 08:20:00",592.24,completed,33
34,58,40,Baner,Baner,"2024-02-02 09:00:00","2024-02-02 09:20:00",596.04,completed,34
35,36,9,Wakad,Wakad,"2024-02-02 10:00:00","2024-02-02 10:20:00",271.86,cancelled,35
36,19,27,Wakad,Kothrud,"2024-02-02 11:00:00","2024-02-02 11:20:00",224.64,completed,36
37,92,17,Baner,Wakad,"2024-02-02 12:00:00","2024-02-02 12:20:00",368.09,completed,37
38,47,3,Kothrud,Wakad,"2024-02-02 13:00:00","2024-02-02 13:20:00",243.42,completed,38
39,55,4,Shivajinagar,Shivajinagar,"2024-02-02 14:00:00","2024-02-02 14:20:00",508.93,completed,39
40,74,40,Hinjewadi,Shivajinagar,"2024-02-02 15:00:00",NULL,558.19,ongoing,40
41,82,1,Kothrud,Kothrud,"2024-02-02 16:00:00","2024-02-02 16:20:00",446.28,completed,41
42,63,14,Wakad,Wakad,"2024-02-02 17:00:00","2024-02-02 17:20:00",465.52,cancelled,42
43,68,8,Shivajinagar,Shivajinagar,"2024-02-02 18:00:00","2024-02-02 18:20:00",294.70,completed,43
44,12,7,Hinjewadi,Wakad,"2024-02-02 19:00:00","2024-02-02 19:20:00",116.45,completed,44
45,27,30,Wakad,Kothrud,"2026-04-01 12:33:10","2024-02-02 20:20:00",518.70,booked,45
46,93,25,Baner,Shivajinagar,"2024-02-02 21:00:00","2024-02-02 21:20:00",363.54,completed,46
47,76,39,Baner,Shivajinagar,"2024-02-02 22:00:00","2024-02-02 22:20:00",403.40,completed,47
48,11,16,Hinjewadi,Hinjewadi,"2024-02-02 23:00:00","2024-02-02 23:20:00",421.39,completed,48
49,4,11,Shivajinagar,Baner,"2024-02-03 00:00:00","2024-02-03 00:20:00",373.14,cancelled,49
50,46,25,Hinjewadi,Wakad,"2024-02-03 01:00:00",NULL,85.08,ongoing,50
51,59,33,Hinjewadi,Kothrud,"2024-02-03 02:00:00","2024-02-03 02:20:00",195.19,completed,1
52,60,48,Kothrud,Wakad,"2024-02-03 03:00:00","2024-02-03 03:20:00",183.14,completed,2
53,24,21,Baner,Wakad,"2024-02-03 04:00:00","2024-02-03 04:20:00",308.06,completed,3
54,26,10,Baner,Wakad,"2024-02-03 05:00:00","2024-02-03 05:20:00",446.36,completed,4
55,28,50,Wakad,Kothrud,"2024-02-03 06:00:00","2024-02-03 06:20:00",497.79,completed,5
56,58,9,Kothrud,Baner,"2024-02-03 07:00:00","2024-02-03 07:20:00",530.49,cancelled,6
57,4,1,Baner,Wakad,"2024-02-03 08:00:00","2024-02-03 08:20:00",299.90,completed,7
58,100,34,Kothrud,Shivajinagar,"2024-02-03 09:00:00","2024-02-03 09:20:00",328.19,completed,8
59,79,31,Shivajinagar,Hinjewadi,"2024-02-03 10:00:00","2024-02-03 10:20:00",287.26,completed,9
60,86,21,Kothrud,Baner,"2026-04-01 12:33:10",NULL,118.36,ongoing,10
61,60,24,Baner,Baner,"2024-02-03 12:00:00","2024-02-03 12:20:00",224.47,completed,11
62,49,19,Hinjewadi,Wakad,"2024-02-03 13:00:00","2024-02-03 13:20:00",275.51,completed,12
63,57,48,Shivajinagar,Kothrud,"2024-02-03 14:00:00","2024-02-03 14:20:00",184.44,cancelled,13
64,88,21,Shivajinagar,Baner,"2024-02-03 15:00:00","2024-02-03 15:20:00",398.04,completed,14
65,88,25,Baner,Hinjewadi,"2024-02-03 16:00:00","2024-02-03 16:20:00",539.65,completed,15
66,5,20,Kothrud,Hinjewadi,"2024-02-03 17:00:00","2024-02-03 17:20:00",501.08,completed,16
67,70,26,Hinjewadi,Kothrud,"2024-02-03 18:00:00","2024-02-03 18:20:00",375.64,completed,17
68,57,7,Baner,Wakad,"2024-02-03 19:00:00","2024-02-03 19:20:00",459.38,completed,18
69,61,3,Shivajinagar,Hinjewadi,"2024-02-03 20:00:00","2024-02-03 20:20:00",334.29,completed,19
70,10,40,Shivajinagar,Shivajinagar,"2024-02-03 21:00:00",NULL,333.95,ongoing,20
71,67,48,Shivajinagar,Hinjewadi,"2024-02-03 22:00:00","2024-02-03 22:20:00",414.50,completed,21
72,34,8,Shivajinagar,Baner,"2024-02-03 23:00:00","2024-02-03 23:20:00",495.06,completed,22
73,70,30,Shivajinagar,Wakad,"2024-02-04 00:00:00","2024-02-04 00:20:00",521.46,completed,23
74,10,11,Kothrud,Baner,"2024-02-04 01:00:00","2024-02-04 01:20:00",510.74,completed,24
75,80,8,Hinjewadi,Hinjewadi,"2026-04-01 12:33:10","2024-02-04 02:20:00",284.82,booked,25
76,29,37,Kothrud,Kothrud,"2024-02-04 03:00:00","2024-02-04 03:20:00",487.68,completed,26
77,67,17,Hinjewadi,Baner,"2024-02-04 04:00:00","2024-02-04 04:20:00",315.92,cancelled,27
78,11,8,Kothrud,Baner,"2024-02-04 05:00:00","2024-02-04 05:20:00",287.21,completed,28
79,4,47,Baner,Kothrud,"2024-02-04 06:00:00","2024-02-04 06:20:00",590.63,completed,29
80,49,44,Shivajinagar,Shivajinagar,"2024-02-04 07:00:00",NULL,121.68,ongoing,30
81,4,30,Baner,Hinjewadi,"2024-02-04 08:00:00","2024-02-04 08:20:00",301.18,completed,31
82,24,43,Hinjewadi,Kothrud,"2024-02-04 09:00:00","2024-02-04 09:20:00",571.88,completed,32
83,92,43,Hinjewadi,Kothrud,"2024-02-04 10:00:00","2024-02-04 10:20:00",454.86,completed,33
84,56,16,Wakad,Wakad,"2024-02-04 11:00:00","2024-02-04 11:20:00",313.73,cancelled,34
85,35,4,Shivajinagar,Baner,"2024-02-04 12:00:00","2024-02-04 12:20:00",224.02,completed,35
86,38,21,Shivajinagar,Hinjewadi,"2024-02-04 13:00:00","2024-02-04 13:20:00",80.20,completed,36
87,50,50,Hinjewadi,Kothrud,"2024-02-04 14:00:00","2024-02-04 14:20:00",389.59,completed,37
88,88,34,Wakad,Hinjewadi,"2024-02-04 15:00:00","2024-02-04 15:20:00",158.92,completed,38
89,86,40,Shivajinagar,Baner,"2024-02-04 16:00:00","2024-02-04 16:20:00",240.97,completed,39
90,26,35,Shivajinagar,Baner,"2026-04-01 12:33:10",NULL,292.92,ongoing,40
91,18,13,Baner,Hinjewadi,"2024-02-04 18:00:00","2024-02-04 18:20:00",244.33,cancelled,41
92,59,43,Kothrud,Shivajinagar,"2024-02-04 19:00:00","2024-02-04 19:20:00",445.22,completed,42
93,67,27,Wakad,Shivajinagar,"2024-02-04 20:00:00","2024-02-04 20:20:00",436.03,completed,43
94,46,8,Hinjewadi,Wakad,"2024-02-04 21:00:00","2024-02-04 21:20:00",336.13,completed,44
95,11,41,Kothrud,Hinjewadi,"2024-02-04 22:00:00","2024-02-04 22:20:00",364.02,completed,45
96,9,42,Baner,Baner,"2024-02-04 23:00:00","2024-02-04 23:20:00",529.98,completed,46
97,97,29,Hinjewadi,Wakad,"2024-02-05 00:00:00","2024-02-05 00:20:00",469.47,completed,47
98,26,16,Hinjewadi,Kothrud,"2024-02-05 01:00:00","2024-02-05 01:20:00",209.14,cancelled,48
99,100,43,Baner,Baner,"2024-02-05 02:00:00","2024-02-05 02:20:00",211.16,completed,49
100,68,46,Shivajinagar,Wakad,"2024-02-05 03:00:00",NULL,338.73,ongoing,50
101,66,5,Shivajinagar,Hinjewadi,"2024-02-05 04:00:00","2024-02-05 04:20:00",286.48,completed,1
102,8,37,Kothrud,Kothrud,"2024-02-05 05:00:00","2024-02-05 05:20:00",217.81,completed,2
103,71,40,Wakad,Hinjewadi,"2024-02-05 06:00:00","2024-02-05 06:20:00",254.67,completed,3
104,100,40,Shivajinagar,Hinjewadi,"2024-02-05 07:00:00","2024-02-05 07:20:00",194.02,completed,4
105,98,42,Wakad,Baner,"2026-04-01 12:33:10","2024-02-05 08:20:00",283.26,booked,5
106,40,10,Hinjewadi,Shivajinagar,"2024-02-05 09:00:00","2024-02-05 09:20:00",218.96,completed,6
107,83,15,Baner,Kothrud,"2024-02-05 10:00:00","2024-02-05 10:20:00",599.31,completed,7
108,93,21,Kothrud,Baner,"2024-02-05 11:00:00","2024-02-05 11:20:00",92.04,completed,8
109,39,34,Shivajinagar,Shivajinagar,"2024-02-05 12:00:00","2024-02-05 12:20:00",345.42,completed,9
110,6,22,Kothrud,Hinjewadi,"2024-02-05 13:00:00",NULL,323.12,ongoing,10
111,10,22,Wakad,Kothrud,"2024-02-05 14:00:00","2024-02-05 14:20:00",282.28,completed,11
112,41,9,Baner,Shivajinagar,"2024-02-05 15:00:00","2024-02-05 15:20:00",153.66,cancelled,12
113,69,26,Wakad,Baner,"2024-02-05 16:00:00","2024-02-05 16:20:00",104.55,completed,13
114,88,13,Kothrud,Kothrud,"2024-02-05 17:00:00","2024-02-05 17:20:00",594.70,completed,14
115,22,18,Hinjewadi,Wakad,"2024-02-05 18:00:00","2024-02-05 18:20:00",489.35,completed,15
116,90,1,Hinjewadi,Shivajinagar,"2024-02-05 19:00:00","2024-02-05 19:20:00",308.70,completed,16
117,51,23,Wakad,Wakad,"2024-02-05 20:00:00","2024-02-05 20:20:00",429.12,completed,17
118,37,33,Baner,Baner,"2024-02-05 21:00:00","2024-02-05 21:20:00",234.81,completed,18
119,45,47,Wakad,Wakad,"2024-02-05 22:00:00","2024-02-05 22:20:00",307.22,cancelled,19
120,93,31,Shivajinagar,Shivajinagar,"2026-04-01 12:33:10",NULL,522.41,ongoing,20
121,100,21,Baner,Baner,"2024-02-06 00:00:00","2024-02-06 00:20:00",379.22,completed,21
122,84,23,Baner,Baner,"2024-02-06 01:00:00","2024-02-06 01:20:00",344.56,completed,22
123,82,16,Wakad,Wakad,"2024-02-06 02:00:00","2024-02-06 02:20:00",528.07,completed,23
124,62,27,Baner,Kothrud,"2024-02-06 03:00:00","2024-02-06 03:20:00",507.19,completed,24
125,15,37,Hinjewadi,Kothrud,"2024-02-06 04:00:00","2024-02-06 04:20:00",105.04,driver_cancelled,25
126,79,38,Kothrud,Shivajinagar,"2024-02-06 05:00:00","2024-02-06 05:20:00",294.31,cancelled,26
127,24,14,Hinjewadi,Shivajinagar,"2024-02-06 06:00:00","2024-02-06 06:20:00",536.44,completed,27
128,63,37,Baner,Kothrud,"2024-02-06 07:00:00","2024-02-06 07:20:00",352.91,completed,28
129,29,47,Kothrud,Kothrud,"2024-02-06 08:00:00","2024-02-06 08:20:00",449.69,completed,29
130,81,7,Shivajinagar,Kothrud,"2024-02-06 09:00:00",NULL,594.79,ongoing,30
131,25,12,Wakad,Shivajinagar,"2024-02-06 10:00:00","2024-02-06 10:20:00",196.77,completed,31
132,16,28,Baner,Hinjewadi,"2024-02-06 11:00:00","2024-02-06 11:20:00",561.13,completed,32
133,50,3,Wakad,Shivajinagar,"2024-02-06 12:00:00","2024-02-06 12:20:00",433.49,cancelled,33
134,81,22,Kothrud,Kothrud,"2024-02-06 13:00:00","2024-02-06 13:20:00",293.34,completed,34
135,85,21,Wakad,Hinjewadi,"2026-04-01 12:33:10","2024-02-06 14:20:00",231.99,booked,35
136,91,29,Baner,Baner,"2024-02-06 15:00:00","2024-02-06 15:20:00",513.68,completed,36
137,5,20,Baner,Shivajinagar,"2024-02-06 16:00:00","2024-02-06 16:20:00",180.59,completed,37
138,22,3,Hinjewadi,Shivajinagar,"2024-02-06 17:00:00","2024-02-06 17:20:00",476.03,completed,38
139,33,27,Wakad,Kothrud,"2024-02-06 18:00:00","2024-02-06 18:20:00",296.64,completed,39
140,40,21,Wakad,Hinjewadi,"2024-02-06 19:00:00",NULL,559.46,ongoing,40
141,2,41,Hinjewadi,Wakad,"2024-02-06 20:00:00","2024-02-06 20:20:00",405.55,completed,41
142,99,33,Hinjewadi,Wakad,"2024-02-06 21:00:00","2024-02-06 21:20:00",314.20,completed,42
143,83,30,Wakad,Hinjewadi,"2024-02-06 22:00:00","2024-02-06 22:20:00",516.82,completed,43
144,91,48,Kothrud,Wakad,"2024-02-06 23:00:00","2024-02-06 23:20:00",289.09,completed,44
145,36,39,Kothrud,Baner,"2024-02-07 00:00:00","2024-02-07 00:20:00",409.46,completed,45
146,59,41,Shivajinagar,Baner,"2024-02-07 01:00:00","2024-02-07 01:20:00",386.68,completed,46
147,39,9,Hinjewadi,Shivajinagar,"2024-02-07 02:00:00","2024-02-07 02:20:00",518.16,cancelled,47
148,2,48,Kothrud,Wakad,"2024-02-07 03:00:00","2024-02-07 03:20:00",186.95,completed,48
149,53,38,Baner,Kothrud,"2024-02-07 04:00:00","2024-02-07 04:20:00",306.25,completed,49
150,18,23,Baner,Shivajinagar,"2026-04-01 12:33:10",NULL,539.52,ongoing,50
151,46,23,Hinjewadi,Hinjewadi,"2024-02-07 06:00:00","2024-02-07 06:20:00",458.93,completed,1
152,23,1,Baner,Baner,"2024-02-07 07:00:00","2024-02-07 07:20:00",393.30,completed,2
153,54,21,Shivajinagar,Kothrud,"2024-02-07 08:00:00","2024-02-07 08:20:00",447.27,completed,3
154,90,32,Baner,Kothrud,"2024-02-07 09:00:00","2024-02-07 09:20:00",228.95,cancelled,4
155,75,45,Shivajinagar,Hinjewadi,"2024-02-07 10:00:00","2024-02-07 10:20:00",299.95,completed,5
156,1,26,Wakad,Shivajinagar,"2024-02-07 11:00:00","2024-02-07 11:20:00",251.08,completed,6
157,36,33,Baner,Shivajinagar,"2024-02-07 12:00:00","2024-02-07 12:20:00",561.03,completed,7
158,84,9,Baner,Shivajinagar,"2024-02-07 13:00:00","2024-02-07 13:20:00",598.64,completed,8
159,95,17,Kothrud,Hinjewadi,"2024-02-07 14:00:00","2024-02-07 14:20:00",529.64,completed,9
160,72,6,Wakad,Hinjewadi,"2024-02-07 15:00:00",NULL,465.71,ongoing,10
161,40,46,Hinjewadi,Wakad,"2024-02-07 16:00:00","2024-02-07 16:20:00",541.04,cancelled,11
162,88,7,Hinjewadi,Shivajinagar,"2024-02-07 17:00:00","2024-02-07 17:20:00",165.80,completed,12
163,84,7,Shivajinagar,Shivajinagar,"2024-02-07 18:00:00","2024-02-07 18:20:00",342.32,completed,13
164,79,37,Baner,Shivajinagar,"2024-02-07 19:00:00","2024-02-07 19:20:00",443.11,completed,14
165,30,5,Baner,Baner,"2026-04-01 12:33:10","2024-02-07 20:20:00",119.94,booked,15
166,20,33,Baner,Baner,"2024-02-07 21:00:00","2024-02-07 21:20:00",490.28,completed,16
167,38,50,Kothrud,Shivajinagar,"2024-02-07 22:00:00","2024-02-07 22:20:00",173.26,completed,17
168,2,10,Hinjewadi,Shivajinagar,"2024-02-07 23:00:00","2024-02-07 23:20:00",243.78,cancelled,18
169,6,17,Baner,Shivajinagar,"2024-02-08 00:00:00","2024-02-08 00:20:00",428.86,completed,19
170,82,40,Wakad,Kothrud,"2024-02-08 01:00:00",NULL,153.12,ongoing,20
171,36,28,Hinjewadi,Kothrud,"2024-02-08 02:00:00","2024-02-08 02:20:00",416.66,completed,21
172,78,47,Wakad,Shivajinagar,"2024-02-08 03:00:00","2024-02-08 03:20:00",221.93,completed,22
173,26,46,Wakad,Hinjewadi,"2024-02-08 04:00:00","2024-02-08 04:20:00",473.59,completed,23
174,98,22,Shivajinagar,Shivajinagar,"2024-02-08 05:00:00","2024-02-08 05:20:00",304.98,completed,24
175,94,21,Shivajinagar,Wakad,"2024-02-08 06:00:00","2024-02-08 06:20:00",538.88,driver_cancelled,25
176,71,47,Kothrud,Kothrud,"2024-02-08 07:00:00","2024-02-08 07:20:00",128.48,completed,26
177,59,32,Kothrud,Baner,"2024-02-08 08:00:00","2024-02-08 08:20:00",144.01,completed,27
178,30,32,Kothrud,Baner,"2024-02-08 09:00:00","2024-02-08 09:20:00",84.98,completed,28
179,82,36,Shivajinagar,Hinjewadi,"2024-02-08 10:00:00","2024-02-08 10:20:00",89.16,completed,29
180,22,31,Baner,Shivajinagar,"2026-04-01 12:33:10",NULL,85.98,ongoing,30
181,17,6,Hinjewadi,Shivajinagar,"2024-02-08 12:00:00","2024-02-08 12:20:00",503.54,completed,31
182,31,21,Hinjewadi,Wakad,"2024-02-08 13:00:00","2024-02-08 13:20:00",354.41,cancelled,32
183,56,35,Shivajinagar,Baner,"2024-02-08 14:00:00","2024-02-08 14:20:00",323.07,completed,33
184,81,14,Kothrud,Kothrud,"2024-02-08 15:00:00","2024-02-08 15:20:00",436.75,completed,34
185,31,23,Kothrud,Kothrud,"2024-02-08 16:00:00","2024-02-08 16:20:00",532.52,completed,35
186,13,42,Hinjewadi,Kothrud,"2024-02-08 17:00:00","2024-02-08 17:20:00",538.44,completed,36
187,91,24,Baner,Wakad,"2024-02-08 18:00:00","2024-02-08 18:20:00",140.13,completed,37
188,84,30,Baner,Wakad,"2024-02-08 19:00:00","2024-02-08 19:20:00",340.26,completed,38
189,17,10,Baner,Shivajinagar,"2024-02-08 20:00:00","2024-02-08 20:20:00",568.16,cancelled,39
190,93,5,Wakad,Wakad,"2024-02-08 21:00:00",NULL,90.96,ongoing,40
191,39,42,Shivajinagar,Kothrud,"2024-02-08 22:00:00","2024-02-08 22:20:00",188.02,completed,41
192,99,30,Hinjewadi,Shivajinagar,"2024-02-08 23:00:00","2024-02-08 23:20:00",571.01,completed,42
193,8,7,Wakad,Wakad,"2024-02-09 00:00:00","2024-02-09 00:20:00",431.31,completed,43
194,38,6,Kothrud,Hinjewadi,"2024-02-09 01:00:00","2024-02-09 01:20:00",501.65,completed,44
195,15,8,Shivajinagar,Kothrud,"2026-04-01 12:33:10","2024-02-09 02:20:00",283.70,booked,45
196,1,26,Shivajinagar,Hinjewadi,"2024-02-09 03:00:00","2024-02-09 03:20:00",331.64,cancelled,46
197,97,18,Baner,Baner,"2024-02-09 04:00:00","2024-02-09 04:20:00",507.77,completed,47
198,3,36,Kothrud,Hinjewadi,"2024-02-09 05:00:00","2024-02-09 05:20:00",158.77,completed,48
199,38,26,Wakad,Kothrud,"2024-02-09 06:00:00","2024-02-09 06:20:00",465.86,completed,49
200,48,36,Hinjewadi,Wakad,"2024-02-09 07:00:00",NULL,281.72,ongoing,50
201,63,41,Shivajinagar,Kothrud,"2024-02-09 08:00:00","2024-02-09 08:20:00",371.05,completed,1
202,62,4,Wakad,Shivajinagar,"2024-02-09 09:00:00","2024-02-09 09:20:00",240.39,completed,2
203,15,13,Baner,Shivajinagar,"2024-02-09 10:00:00","2024-02-09 10:20:00",187.96,cancelled,3
204,62,24,Kothrud,Baner,"2024-02-09 11:00:00","2024-02-09 11:20:00",436.96,completed,4
205,82,31,Shivajinagar,Baner,"2024-02-09 12:00:00","2024-02-09 12:20:00",325.44,completed,5
206,38,22,Wakad,Kothrud,"2024-02-09 13:00:00","2024-02-09 13:20:00",356.31,completed,6
207,95,40,Shivajinagar,Hinjewadi,"2024-02-09 14:00:00","2024-02-09 14:20:00",178.72,completed,7
208,20,18,Shivajinagar,Hinjewadi,"2024-02-09 15:00:00","2024-02-09 15:20:00",211.70,completed,8
209,59,34,Shivajinagar,Hinjewadi,"2024-02-09 16:00:00","2024-02-09 16:20:00",490.65,completed,9
210,7,23,Hinjewadi,Hinjewadi,"2026-04-01 12:33:10",NULL,224.63,ongoing,10
211,91,39,Baner,Wakad,"2024-02-09 18:00:00","2024-02-09 18:20:00",510.69,completed,11
212,72,47,Wakad,Baner,"2024-02-09 19:00:00","2024-02-09 19:20:00",530.20,completed,12
213,78,37,Kothrud,Hinjewadi,"2024-02-09 20:00:00","2024-02-09 20:20:00",135.67,completed,13
214,79,47,Wakad,Shivajinagar,"2024-02-09 21:00:00","2024-02-09 21:20:00",234.34,completed,14
215,71,1,Baner,Shivajinagar,"2024-02-09 22:00:00","2024-02-09 22:20:00",350.86,completed,15
216,97,42,Wakad,Kothrud,"2024-02-09 23:00:00","2024-02-09 23:20:00",188.56,completed,16
217,52,20,Baner,Kothrud,"2024-02-10 00:00:00","2024-02-10 00:20:00",203.53,cancelled,17
218,98,47,Shivajinagar,Baner,"2024-02-10 01:00:00","2024-02-10 01:20:00",345.07,completed,18
219,4,25,Wakad,Shivajinagar,"2024-02-10 02:00:00","2024-02-10 02:20:00",343.02,completed,19
220,1,6,Hinjewadi,Hinjewadi,"2024-02-10 03:00:00",NULL,115.72,ongoing,20
221,78,30,Hinjewadi,Wakad,"2024-02-10 04:00:00","2024-02-10 04:20:00",127.00,completed,21
222,95,20,Shivajinagar,Kothrud,"2024-02-10 05:00:00","2024-02-10 05:20:00",534.47,completed,22
223,38,9,Kothrud,Wakad,"2024-02-10 06:00:00","2024-02-10 06:20:00",189.14,completed,23
224,53,48,Shivajinagar,Kothrud,"2024-02-10 07:00:00","2024-02-10 07:20:00",332.43,cancelled,24
225,84,49,Baner,Wakad,"2026-04-01 12:33:10","2024-02-10 08:20:00",322.86,booked,25
226,3,18,Wakad,Wakad,"2024-02-10 09:00:00","2024-02-10 09:20:00",389.26,completed,26
227,99,40,Hinjewadi,Kothrud,"2024-02-10 10:00:00","2024-02-10 10:20:00",200.49,completed,27
228,97,3,Baner,Kothrud,"2024-02-10 11:00:00","2024-02-10 11:20:00",467.73,completed,28
229,15,36,Shivajinagar,Baner,"2024-02-10 12:00:00","2024-02-10 12:20:00",234.94,completed,29
230,3,6,Hinjewadi,Hinjewadi,"2024-02-10 13:00:00",NULL,222.63,ongoing,30
231,92,44,Baner,Hinjewadi,"2024-02-10 14:00:00","2024-02-10 14:20:00",520.93,cancelled,31
232,91,38,Shivajinagar,Wakad,"2024-02-10 15:00:00","2024-02-10 15:20:00",285.62,completed,32
233,33,1,Shivajinagar,Baner,"2024-02-10 16:00:00","2024-02-10 16:20:00",129.09,completed,33
234,83,19,Kothrud,Kothrud,"2024-02-10 17:00:00","2024-02-10 17:20:00",313.67,completed,34
235,56,38,Hinjewadi,Kothrud,"2024-02-10 18:00:00","2024-02-10 18:20:00",424.19,completed,35
236,33,28,Baner,Wakad,"2024-02-10 19:00:00","2024-02-10 19:20:00",228.50,completed,36
237,31,47,Kothrud,Baner,"2024-02-10 20:00:00","2024-02-10 20:20:00",593.77,completed,37
238,4,9,Wakad,Wakad,"2024-02-10 21:00:00","2024-02-10 21:20:00",336.36,cancelled,38
239,96,47,Kothrud,Hinjewadi,"2024-02-10 22:00:00","2024-02-10 22:20:00",256.83,completed,39
240,92,10,Shivajinagar,Kothrud,"2026-04-01 12:33:10",NULL,546.84,ongoing,40
241,80,24,Wakad,Baner,"2024-02-11 00:00:00","2024-02-11 00:20:00",487.62,completed,41
242,92,26,Shivajinagar,Kothrud,"2024-02-11 01:00:00","2024-02-11 01:20:00",328.83,completed,42
243,79,8,Baner,Wakad,"2024-02-11 02:00:00","2024-02-11 02:20:00",124.76,completed,43
244,22,5,Kothrud,Baner,"2024-02-11 03:00:00","2024-02-11 03:20:00",435.46,completed,44
245,31,13,Baner,Hinjewadi,"2024-02-11 04:00:00","2024-02-11 04:20:00",313.47,cancelled,45
246,60,22,Kothrud,Baner,"2024-02-11 05:00:00","2024-02-11 05:20:00",210.65,completed,46
247,85,34,Baner,Wakad,"2024-02-11 06:00:00","2024-02-11 06:20:00",143.13,completed,47
248,32,25,Shivajinagar,Kothrud,"2024-02-11 07:00:00","2024-02-11 07:20:00",594.12,completed,48
249,71,23,Wakad,Wakad,"2024-02-11 08:00:00","2024-02-11 08:20:00",109.79,completed,49
250,97,41,Wakad,Baner,"2024-02-11 09:00:00",NULL,247.68,ongoing,50
251,8,48,Wakad,Baner,"2024-02-11 10:00:00","2024-02-11 10:20:00",423.22,completed,1
252,78,21,Shivajinagar,Wakad,"2024-02-11 11:00:00","2024-02-11 11:20:00",467.53,cancelled,2
253,62,3,Baner,Hinjewadi,"2024-02-11 12:00:00","2024-02-11 12:20:00",577.16,completed,3
254,89,8,Shivajinagar,Hinjewadi,"2024-02-11 13:00:00","2024-02-11 13:20:00",308.02,completed,4
255,96,46,Baner,Shivajinagar,"2026-04-01 12:33:10","2024-02-11 14:20:00",590.20,booked,5
256,28,50,Baner,Shivajinagar,"2024-02-11 15:00:00","2024-02-11 15:20:00",219.62,completed,6
257,66,39,Shivajinagar,Kothrud,"2024-02-11 16:00:00","2024-02-11 16:20:00",249.20,completed,7
258,17,39,Baner,Kothrud,"2024-02-11 17:00:00","2024-02-11 17:20:00",145.89,completed,8
259,91,22,Wakad,Kothrud,"2024-02-11 18:00:00","2024-02-11 18:20:00",106.34,cancelled,9
260,2,45,Baner,Kothrud,"2024-02-11 19:00:00",NULL,145.66,ongoing,10
261,8,11,Baner,Shivajinagar,"2024-02-11 20:00:00","2024-02-11 20:20:00",81.11,completed,11
262,38,23,Hinjewadi,Hinjewadi,"2024-02-11 21:00:00","2024-02-11 21:20:00",471.38,completed,12
263,20,49,Wakad,Kothrud,"2024-02-11 22:00:00","2024-02-11 22:20:00",464.88,completed,13
264,64,16,Wakad,Shivajinagar,"2024-02-11 23:00:00","2024-02-11 23:20:00",91.40,completed,14
265,21,28,Kothrud,Hinjewadi,"2024-02-12 00:00:00","2024-02-12 00:20:00",423.17,completed,15
266,90,35,Hinjewadi,Hinjewadi,"2024-02-12 01:00:00","2024-02-12 01:20:00",200.43,cancelled,16
267,31,42,Wakad,Hinjewadi,"2024-02-12 02:00:00","2024-02-12 02:20:00",368.39,completed,17
268,84,29,Hinjewadi,Shivajinagar,"2024-02-12 03:00:00","2024-02-12 03:20:00",162.58,completed,18
269,70,38,Wakad,Shivajinagar,"2024-02-12 04:00:00","2024-02-12 04:20:00",456.60,completed,19
270,15,6,Kothrud,Wakad,"2026-04-01 12:33:10",NULL,378.36,ongoing,20
271,57,49,Shivajinagar,Wakad,"2024-02-12 06:00:00","2024-02-12 06:20:00",562.69,completed,21
272,1,14,Hinjewadi,Shivajinagar,"2024-02-12 07:00:00","2024-02-12 07:20:00",494.27,completed,22
273,90,29,Hinjewadi,Kothrud,"2024-02-12 08:00:00","2024-02-12 08:20:00",418.90,cancelled,23
274,29,49,Kothrud,Hinjewadi,"2024-02-12 09:00:00","2024-02-12 09:20:00",284.39,completed,24
275,66,28,Baner,Wakad,"2024-02-12 10:00:00","2024-02-12 10:20:00",565.20,driver_cancelled,25
276,22,10,Shivajinagar,Wakad,"2024-02-12 11:00:00","2024-02-12 11:20:00",371.27,completed,26
277,61,46,Hinjewadi,Hinjewadi,"2024-02-12 12:00:00","2024-02-12 12:20:00",414.47,completed,27
278,29,47,Shivajinagar,Wakad,"2024-02-12 13:00:00","2024-02-12 13:20:00",203.42,completed,28
279,9,4,Baner,Baner,"2024-02-12 14:00:00","2024-02-12 14:20:00",354.52,completed,29
280,41,24,Baner,Baner,"2024-02-12 15:00:00",NULL,432.07,ongoing,30
281,21,2,Kothrud,Wakad,"2024-02-12 16:00:00","2024-02-12 16:20:00",296.27,completed,31
282,55,46,Baner,Kothrud,"2024-02-12 17:00:00","2024-02-12 17:20:00",112.95,completed,32
283,96,29,Wakad,Baner,"2024-02-12 18:00:00","2024-02-12 18:20:00",393.29,completed,33
284,96,25,Baner,Kothrud,"2024-02-12 19:00:00","2024-02-12 19:20:00",553.00,completed,34
285,40,31,Baner,Shivajinagar,"2026-04-01 12:33:10","2024-02-12 20:20:00",271.01,booked,35
286,26,47,Hinjewadi,Hinjewadi,"2024-02-12 21:00:00","2024-02-12 21:20:00",279.46,completed,36
287,48,46,Kothrud,Wakad,"2024-02-12 22:00:00","2024-02-12 22:20:00",509.60,cancelled,37
288,77,15,Wakad,Baner,"2024-02-12 23:00:00","2024-02-12 23:20:00",407.97,completed,38
289,3,38,Shivajinagar,Kothrud,"2024-02-13 00:00:00","2024-02-13 00:20:00",527.94,completed,39
290,96,33,Kothrud,Wakad,"2024-02-13 01:00:00",NULL,191.08,ongoing,40
291,33,50,Wakad,Shivajinagar,"2024-02-13 02:00:00","2024-02-13 02:20:00",391.29,completed,41
292,97,49,Wakad,Shivajinagar,"2024-02-13 03:00:00","2024-02-13 03:20:00",295.24,completed,42
293,42,8,Hinjewadi,Baner,"2024-02-13 04:00:00","2024-02-13 04:20:00",496.81,completed,43
294,77,40,Hinjewadi,Wakad,"2024-02-13 05:00:00","2024-02-13 05:20:00",330.06,cancelled,44
295,43,16,Wakad,Wakad,"2024-02-13 06:00:00","2024-02-13 06:20:00",298.19,completed,45
296,70,38,Shivajinagar,Wakad,"2024-02-13 07:00:00","2024-02-13 07:20:00",321.66,completed,46
297,4,44,Shivajinagar,Shivajinagar,"2024-02-13 08:00:00","2024-02-13 08:20:00",340.15,completed,47
298,64,41,Shivajinagar,Shivajinagar,"2024-02-13 09:00:00","2024-02-13 09:20:00",140.73,completed,48
299,70,34,Baner,Hinjewadi,"2024-02-13 10:00:00","2024-02-13 10:20:00",558.94,completed,49
300,51,6,Kothrud,Shivajinagar,"2026-04-01 12:33:10",NULL,331.61,ongoing,50
